role_bucket,default_subject,default_body,status
CFO,Bad idea to send a 1-page executive transition conversation flow for CFO leaders?,"Hi {first_name},

I have been following your work at {company_name}, and I thought this might be useful for CFO transitions.

Starting Monday gives senior leaders a practical execution system: target company intelligence, role-specific prep briefs, and outreach workflows that improve signal quality in first-touch conversations.

For CFO leaders at {company_name}, the real risk is sounding competent but not board-ready when the first serious conversation starts.

In recent CFO-track transitions, first conversations improved when board language and capital allocation logic were explicit from minute one.

The clearest proof point for CFO leaders is faster translation of finance credibility into board-readable transition narratives.

If this is ignored, the cost is usually losing qualified opportunities before the role-fit conversation ever gets a fair read.

For CFO candidates, the biggest win is faster translation of finance credibility into board-readable transition narratives.

If useful, I can send a one-page sample built around your CFO context.

If useful, reply ""send it"" and I will send the CFO board-readiness scorecard for your CFO transition context. If not relevant, reply ""pass"" and I will close this out.

Rich
startingmonday.app",ready
CTO,Bad idea to send a 1-page executive transition conversation flow for CTO leaders?,"Hi {first_name},

I have been following your work at {company_name}, and I thought this might be useful for CTO transitions.

Starting Monday gives senior leaders a practical execution system: target company intelligence, role-specific prep briefs, and outreach workflows that improve signal quality in first-touch conversations.

For CTO leaders at {company_name}, the real risk is being seen as technically strong but too abstract for a CEO, board, or investor audience.

In recent CTO-track transitions, response quality improved when technical depth was translated into operating outcomes and decision impact.

The clearest proof point for CTO leaders is clearer architecture-to-business messaging before first stakeholder interviews.

If this is ignored, the cost is usually losing qualified opportunities before the role-fit conversation ever gets a fair read.

For CTO candidates, the biggest win is clearer architecture-to-business messaging before first stakeholder interviews.

If useful, I can send a one-page sample built around your CTO context.

If useful, reply ""send it"" and I will send the CTO architecture-to-business benchmark for your CTO transition context. If not relevant, reply ""pass"" and I will close this out.

Rich
startingmonday.app",ready
COO,Bad idea to send a 1-page executive transition conversation flow for COO leaders?,"Hi {first_name},

I have been following your work at {company_name}, and I thought this might be useful for COO transitions.

Starting Monday gives senior leaders a practical execution system: target company intelligence, role-specific prep briefs, and outreach workflows that improve signal quality in first-touch conversations.

For COO leaders at {company_name}, the real risk is being known for execution without proving the scale and sequencing that the next role requires.

In recent COO-track transitions, conversion improved when execution stories included sequencing decisions and operating leverage proof.

The clearest proof point for COO leaders is stronger execution-cadence proof in early outreach and screening calls.

If this is ignored, the cost is usually losing qualified opportunities before the role-fit conversation ever gets a fair read.

For COO candidates, the biggest win is stronger execution-cadence proof in early outreach and screening calls.

If useful, I can send a one-page sample built around your COO context.

If useful, reply ""send it"" and I will send the COO sequencing and operating cadence benchmark for your COO transition context. If not relevant, reply ""pass"" and I will close this out.

Rich
startingmonday.app",ready
CDO,Bad idea to send a 1-page executive transition conversation flow for CDO leaders?,"Hi {first_name},

I have been following your work at {company_name}, and I thought this might be useful for CDO transitions.

Starting Monday gives senior leaders a practical execution system: target company intelligence, role-specific prep briefs, and outreach workflows that improve signal quality in first-touch conversations.

For CDO leaders at {company_name}, the real risk is sounding credible in theory but not specific enough to move the conversation forward.

In recent executive transitions, progression improved when role-specific narratives were tested and revised before high-stakes conversations.

The clearest proof point for CDO leaders is cleaner role-specific positioning supported by measurable execution evidence.

If this is ignored, the cost is usually losing qualified opportunities before the role-fit conversation ever gets a fair read.

For CDO candidates, the biggest win is cleaner role-specific positioning supported by measurable execution evidence.

If useful, I can send a one-page sample built around your CDO context.

If useful, reply ""send it"" and I will send the role-specific benchmark sheet for your CDO transition context. If not relevant, reply ""pass"" and I will close this out.

Rich
startingmonday.app",ready
CISO,Bad idea to send a 1-page executive transition conversation flow for CISO leaders?,"Hi {first_name},

I have been following your work at {company_name}, and I thought this might be useful for CISO transitions.

Starting Monday gives senior leaders a practical execution system: target company intelligence, role-specific prep briefs, and outreach workflows that improve signal quality in first-touch conversations.

For CISO leaders at {company_name}, the real risk is having the right expertise but losing the room before the business impact lands.

In recent CISO-track transitions, momentum improved when risk language was framed in business continuity and trust terms.

The clearest proof point for CISO leaders is higher-confidence risk and resilience framing for non-technical decision-makers.

If this is ignored, the cost is usually losing qualified opportunities before the role-fit conversation ever gets a fair read.

For CISO candidates, the biggest win is higher-confidence risk and resilience framing for non-technical decision-makers.

If useful, I can send a one-page sample built around your CISO context.

If useful, reply ""send it"" and I will send the CISO risk narrative benchmark for your CISO transition context. If not relevant, reply ""pass"" and I will close this out.

Rich
startingmonday.app",ready
VP,Bad idea to send a 1-page executive transition conversation flow for VP leaders?,"Hi {first_name},

I have been following your work at {company_name}, and I thought this might be useful for VP transitions.

Starting Monday gives senior leaders a practical execution system: target company intelligence, role-specific prep briefs, and outreach workflows that improve signal quality in first-touch conversations.

For VP leaders at {company_name}, the real risk is sounding ready for more scope without proving what changes at the higher level.

In recent executive transitions, progression improved when role-specific narratives were tested and revised before high-stakes conversations.

The clearest proof point for VP leaders is clearer next-scope readiness proof supported by concrete execution examples.

If this is ignored, the cost is usually losing qualified opportunities before the role-fit conversation ever gets a fair read.

For VP candidates, the biggest win is clearer next-scope readiness proof supported by concrete execution examples.

If useful, I can send a one-page sample built around your VP context.

If useful, reply ""send it"" and I will send the next-scope readiness benchmark for your VP transition context. If not relevant, reply ""pass"" and I will close this out.

Rich
startingmonday.app",ready
VP Operations,Bad idea to send a 1-page executive transition conversation flow for VP Operations leaders?,"Hi {first_name},

I have been following your work at {company_name}, and I thought this might be useful for VP Operations transitions.

Starting Monday gives senior leaders a practical execution system: target company intelligence, role-specific prep briefs, and outreach workflows that improve signal quality in first-touch conversations.

For VP Operations leaders at {company_name}, the real risk is being known for execution without proving the scale and sequencing that the next role requires.

In recent COO-track transitions, conversion improved when execution stories included sequencing decisions and operating leverage proof.

The clearest proof point for VP Operations leaders is stronger execution-cadence proof in early outreach and screening calls.

If this is ignored, the cost is usually losing qualified opportunities before the role-fit conversation ever gets a fair read.

For VP Operations candidates, the biggest win is stronger execution-cadence proof in early outreach and screening calls.

If useful, I can send a one-page sample built around your VP Operations context.

If useful, reply ""send it"" and I will send the COO sequencing and operating cadence benchmark for your VP Operations transition context. If not relevant, reply ""pass"" and I will close this out.

Rich
startingmonday.app",ready
