role_bucket,subject_line_1,subject_line_2,email_body_core,cta_line,subject_variant_a,subject_variant_b,subject_variant_c,cta_variant_a,cta_variant_b
CFO,Bad idea to send a 1-page executive transition conversation flow for CFO leaders?,Bad idea to send a 1-page executive transition conversation flow for CFO leaders?,"Hi {first_name},

I have been following your work at {company_name}, and I thought this might be useful for CFO transitions.

Starting Monday gives senior leaders a practical execution system: target company intelligence, role-specific prep briefs, and outreach workflows that improve signal quality in first-touch conversations.

For CFO leaders at {company_name}, the real risk is sounding competent but not board-ready when the first serious conversation starts.

The clearest proof point for CFO leaders is faster translation of finance credibility into board-readable transition narratives.

For CFO candidates, the biggest win is faster translation of finance credibility into board-readable transition narratives.

If useful, I can send a one-page sample built around your CFO context.

Rich
startingmonday.app","If useful, I can send a one-page sample built around your CFO context.",Bad idea to send a 1-page CFO transition conversation flow for {company_name}?,3 ways CFO leaders improve transition momentum in 30 days?,How CFO leaders at {company_name} can tighten transition conversations?,"If useful, I can send a one-page sample built around your CFO context.","If useful, I can share the 30-day benchmark sheet and walk you through a 20-minute pilot with 3 success criteria."
CTO,Bad idea to send a 1-page executive transition conversation flow for CTO leaders?,Bad idea to send a 1-page executive transition conversation flow for CTO leaders?,"Hi {first_name},

I have been following your work at {company_name}, and I thought this might be useful for CTO transitions.

Starting Monday gives senior leaders a practical execution system: target company intelligence, role-specific prep briefs, and outreach workflows that improve signal quality in first-touch conversations.

For CTO leaders at {company_name}, the real risk is being seen as technically strong but too abstract for a CEO, board, or investor audience.

The clearest proof point for CTO leaders is clearer architecture-to-business messaging before first stakeholder interviews.

For CTO candidates, the biggest win is clearer architecture-to-business messaging before first stakeholder interviews.

If useful, I can send a one-page sample built around your CTO context.

Rich
startingmonday.app","If useful, I can send a one-page sample built around your CTO context.",Bad idea to send a 1-page CTO transition conversation flow for {company_name}?,3 ways CTO leaders improve transition momentum in 30 days?,How CTO leaders at {company_name} can tighten transition conversations?,"If useful, I can send a one-page sample built around your CTO context.","If useful, I can share the 30-day benchmark sheet and walk you through a 20-minute pilot with 3 success criteria."
COO,Bad idea to send a 1-page executive transition conversation flow for COO leaders?,Bad idea to send a 1-page executive transition conversation flow for COO leaders?,"Hi {first_name},

I have been following your work at {company_name}, and I thought this might be useful for COO transitions.

Starting Monday gives senior leaders a practical execution system: target company intelligence, role-specific prep briefs, and outreach workflows that improve signal quality in first-touch conversations.

For COO leaders at {company_name}, the real risk is being known for execution without proving the scale and sequencing that the next role requires.

The clearest proof point for COO leaders is stronger execution-cadence proof in early outreach and screening calls.

For COO candidates, the biggest win is stronger execution-cadence proof in early outreach and screening calls.

If useful, I can send a one-page sample built around your COO context.

Rich
startingmonday.app","If useful, I can send a one-page sample built around your COO context.",Bad idea to send a 1-page COO transition conversation flow for {company_name}?,3 ways COO leaders improve transition momentum in 30 days?,How COO leaders at {company_name} can tighten transition conversations?,"If useful, I can send a one-page sample built around your COO context.","If useful, I can share the 30-day benchmark sheet and walk you through a 20-minute pilot with 3 success criteria."
CDO,Bad idea to send a 1-page executive transition conversation flow for CDO leaders?,Bad idea to send a 1-page executive transition conversation flow for CDO leaders?,"Hi {first_name},

I have been following your work at {company_name}, and I thought this might be useful for CDO transitions.

Starting Monday gives senior leaders a practical execution system: target company intelligence, role-specific prep briefs, and outreach workflows that improve signal quality in first-touch conversations.

For CDO leaders at {company_name}, the real risk is sounding credible in theory but not specific enough to move the conversation forward.

The clearest proof point for CDO leaders is cleaner role-specific positioning supported by measurable execution evidence.

For CDO candidates, the biggest win is cleaner role-specific positioning supported by measurable execution evidence.

If useful, I can send a one-page sample built around your CDO context.

Rich
startingmonday.app","If useful, I can send a one-page sample built around your CDO context.",Bad idea to send a 1-page CDO transition conversation flow for {company_name}?,3 ways CDO leaders improve transition momentum in 30 days?,How CDO leaders at {company_name} can tighten transition conversations?,"If useful, I can send a one-page sample built around your CDO context.","If useful, I can share the 30-day benchmark sheet and walk you through a 20-minute pilot with 3 success criteria."
CISO,Bad idea to send a 1-page executive transition conversation flow for CISO leaders?,Bad idea to send a 1-page executive transition conversation flow for CISO leaders?,"Hi {first_name},

I have been following your work at {company_name}, and I thought this might be useful for CISO transitions.

Starting Monday gives senior leaders a practical execution system: target company intelligence, role-specific prep briefs, and outreach workflows that improve signal quality in first-touch conversations.

For CISO leaders at {company_name}, the real risk is having the right expertise but losing the room before the business impact lands.

The clearest proof point for CISO leaders is higher-confidence risk and resilience framing for non-technical decision-makers.

For CISO candidates, the biggest win is higher-confidence risk and resilience framing for non-technical decision-makers.

If useful, I can send a one-page sample built around your CISO context.

Rich
startingmonday.app","If useful, I can send a one-page sample built around your CISO context.",Bad idea to send a 1-page CISO transition conversation flow for {company_name}?,3 ways CISO leaders improve transition momentum in 30 days?,How CISO leaders at {company_name} can tighten transition conversations?,"If useful, I can send a one-page sample built around your CISO context.","If useful, I can share the 30-day benchmark sheet and walk you through a 20-minute pilot with 3 success criteria."
VP,Bad idea to send a 1-page executive transition conversation flow for VP leaders?,Bad idea to send a 1-page executive transition conversation flow for VP leaders?,"Hi {first_name},

I have been following your work at {company_name}, and I thought this might be useful for VP transitions.

Starting Monday gives senior leaders a practical execution system: target company intelligence, role-specific prep briefs, and outreach workflows that improve signal quality in first-touch conversations.

For VP leaders at {company_name}, the real risk is sounding ready for more scope without proving what changes at the higher level.

The clearest proof point for VP leaders is clearer next-scope readiness proof supported by concrete execution examples.

For VP candidates, the biggest win is clearer next-scope readiness proof supported by concrete execution examples.

If useful, I can send a one-page sample built around your VP context.

Rich
startingmonday.app","If useful, I can send a one-page sample built around your VP context.",Bad idea to send a 1-page VP transition conversation flow for {company_name}?,3 ways VP leaders improve transition momentum in 30 days?,How VP leaders at {company_name} can tighten transition conversations?,"If useful, I can send a one-page sample built around your VP context.","If useful, I can share the 30-day benchmark sheet and walk you through a 20-minute pilot with 3 success criteria."
VP Operations,Bad idea to send a 1-page executive transition conversation flow for VP Operations leaders?,Bad idea to send a 1-page executive transition conversation flow for VP Operations leaders?,"Hi {first_name},

I have been following your work at {company_name}, and I thought this might be useful for VP Operations transitions.

Starting Monday gives senior leaders a practical execution system: target company intelligence, role-specific prep briefs, and outreach workflows that improve signal quality in first-touch conversations.

For VP Operations leaders at {company_name}, the real risk is being known for execution without proving the scale and sequencing that the next role requires.

The clearest proof point for VP Operations leaders is stronger execution-cadence proof in early outreach and screening calls.

For VP Operations candidates, the biggest win is stronger execution-cadence proof in early outreach and screening calls.

If useful, I can send a one-page sample built around your VP Operations context.

Rich
startingmonday.app","If useful, I can send a one-page sample built around your VP Operations context.",Bad idea to send a 1-page VP Operations transition conversation flow for {company_name}?,3 ways VP Operations leaders improve transition momentum in 30 days?,How VP Operations leaders at {company_name} can tighten transition conversations?,"If useful, I can send a one-page sample built around your VP Operations context.","If useful, I can share the 30-day benchmark sheet and walk you through a 20-minute pilot with 3 success criteria."
